wavelength_nm,absorbance
399.58999999999997,-0.021080408864303846
401.21899999999999,-0.019964862029722308
402.84899999999999,-0.01430304241212832
404.47800000000001,-0.015957865145238115
406.108,-0.013306484986068678
407.73700000000002,-0.017922288478589177
409.36700000000002,-0.013202964613718976
410.99599999999998,-0.015298951657147231
412.62599999999998,-0.015512674102232005
414.255,-0.017946432583342692
415.88499999999999,-0.019069613512740863
417.51400000000001,-0.019893834660229537
419.14299999999997,-0.020772840474095916
420.77300000000002,-0.020212969938762232
422.40199999999999,-0.023091758348147612
424.03199999999998,-0.022014883215842995
425.661,-0.021924059227673737
427.291,-0.023640527471684547
428.92000000000002,-0.022778308400500213
430.55000000000001,-0.020775600549231055
432.17899999999997,-0.026105755893784388
433.80900000000003,-0.028124394082401694
435.43799999999999,-0.02980514297039244
437.06799999999998,-0.031153511922479171
438.697,-0.033145463346332948
440.327,-0.033737442234778259
441.95600000000002,-0.034680879123177466
443.58499999999998,-0.034258615238330625
445.21499999999997,-0.033367468798747246
446.84399999999999,-0.032313491417790219
448.47399999999999,-0.030655429099215981
450.10300000000001,-0.029541079858935559
451.733,-0.027566752376728287
453.36200000000002,-0.025012367096672816
454.99200000000002,-0.02306207202024646
456.62099999999998,-0.021912970699667689
458.25099999999998,-0.020127118988181425
459.88,-0.016710965267597466
461.50999999999999,-0.015431420625877768
463.13900000000001,-0.012940909842976078
464.76900000000001,-0.011593644363569688
466.39800000000002,-0.0086342115031873279
468.02699999999999,-0.0064029965012438184
469.65699999999998,-0.0039710924214905741
471.286,-0.001938188840292121
472.916,0.0008413466734139563
474.54500000000002,0.0041853843837844629
476.17500000000001,0.0072479263308586339
477.80399999999997,0.010500105574956287
479.43400000000003,0.013114104925391612
481.06299999999999,0.016759963655472276
482.69299999999998,0.019765389389404364
484.322,0.022864569968170823
485.952,0.025808137609179493
487.58100000000002,0.028761273476662796
489.21100000000001,0.03227398520221969
490.83999999999997,0.035890178050716537
492.47000000000003,0.038874063930281089
494.09899999999999,0.041928228866778605
495.72800000000001,0.044902413392765128
497.358,0.047397140618742117
498.98700000000002,0.051418635288114634
500.61700000000002,0.054343414817573987
502.24599999999998,0.058268519186919332
503.87599999999998,0.061162192943795213
505.505,0.064325379841913444
507.13499999999999,0.06664168229876799
508.76400000000001,0.0690632999084278
510.39400000000001,0.07061597045373641
512.02300000000002,0.073243906630850064
513.65300000000002,0.075082968432265362
515.28200000000004,0.077881056720113084
516.91200000000003,0.079838677191016838
518.54100000000005,0.080758346569136108
520.16999999999996,0.082386356309758269
521.79999999999995,0.084587456249162418
523.42899999999997,0.086749808425625075
525.05899999999997,0.088104950648274283
526.68799999999999,0.09026553883054611
528.31799999999998,0.092253673839165828
529.947,0.094495777316954022
531.577,0.097549833865719138
533.20600000000002,0.099814353009943957
534.83600000000001,0.10220724237069068
536.46500000000003,0.10307493757294239
538.09500000000003,0.10526090485990436
539.72400000000005,0.10670993526231548
541.35400000000004,0.10760624080851205
542.98299999999995,0.10787694670028919
544.61199999999997,0.10842997050344688
546.24199999999996,0.10840765580071055
547.87099999999998,0.1063711749537688
549.50099999999998,0.10461528892917749
551.13,0.10330828162629446
552.75999999999999,0.10275844786523458
554.38900000000001,0.10333798178631604
556.01900000000001,0.10463055089366363
557.64800000000002,0.10524384937028047
559.27800000000002,0.10562449361904414
560.90700000000004,0.10645653828579815
562.53700000000003,0.10549756564302742
564.16600000000005,0.10488751621284026
565.79600000000005,0.10307776279356529
567.42499999999995,0.10278711270273333
569.05499999999995,0.10115771128455653
570.68399999999997,0.099802275211758773
572.31299999999999,0.098831331657457944
573.94299999999998,0.099225444337180724
575.572,0.10008485649050936
577.202,0.10208049843513267
578.83100000000002,0.10514145388347518
580.46100000000001,0.10894815338054986
582.09000000000003,0.1143429764018199
583.72000000000003,0.12011646006847099
585.34900000000005,0.12547951886117703
586.97900000000004,0.13132096860229181
588.60799999999995,0.13605616720485936
590.23800000000006,0.14089397661141634
591.86699999999996,0.14230533248304711
593.49699999999996,0.14288222442352405
595.12599999999998,0.1391131726201108
596.755,0.13346724354953898
598.38499999999999,0.12531718467009068
600.01400000000001,0.11705825898404021
601.64400000000001,0.10620652317962298
603.27300000000002,0.094631214240991524
604.90300000000002,0.083126668447035645
606.53200000000004,0.072798105260676538
608.16200000000003,0.061293645975284528
609.79100000000005,0.050713234385525885
611.42100000000005,0.04035628292992488
613.04999999999995,0.031868449157866241
614.67999999999995,0.0233020004539638
616.30899999999997,0.016148413962912667
617.93899999999996,0.0093057206535146486
619.56799999999998,0.0038545152377739145
621.197,-0.002043630906728211
622.827,-0.0073239727950193956
624.45600000000002,-0.012098702027167896
626.08600000000001,-0.015945499206870273
627.71500000000003,-0.019569769922186286
629.34500000000003,-0.022709645861156869
630.97400000000005,-0.025503302212671386
632.60400000000004,-0.027469797868047929
634.23299999999995,-0.029180631806390411
635.86300000000006,-0.03033933125975119
637.49199999999996,-0.032070219354419005
639.12199999999996,-0.033186466008441107
640.75099999999998,-0.033882786523521946
642.38099999999997,-0.034485789418337132
644.00999999999999,-0.034649377759326638
645.63999999999999,-0.034380037393047291
647.26900000000001,-0.035064980343716301
648.89800000000002,-0.034745403362729688
650.52800000000002,-0.034849855907400196
652.15700000000004,-0.034524037955668496
653.78700000000003,-0.033862558831706968
655.41600000000005,-0.033158758990995518
657.04600000000005,-0.031103576467081284
658.67499999999995,-0.030839175111538664
660.30499999999995,-0.029079080813495195
661.93399999999997,-0.027360677339533734
663.56399999999996,-0.02589930052508338
665.19299999999998,-0.023724621658605116
666.82299999999998,-0.022684187203760531
668.452,-0.020182512917154449
670.08199999999999,-0.019049576867097184
671.71100000000001,-0.017023975868019958
673.34000000000003,-0.01465990208189516
674.97000000000003,-0.012625809780637653
676.59900000000005,-0.011685831520826584
678.22900000000004,-0.010316803655135542
679.85799999999995,-0.0081032082546976802
681.48800000000006,-0.0071885763220990162
683.11699999999996,-0.0053940680353320447
684.74699999999996,-0.0039517739418936104
686.37599999999998,-0.0021267181148368897
688.00599999999997,0.00040651663518964654
689.63499999999999,0.0020033344233835182
691.26499999999999,0.0044447640931175592
692.89400000000001,0.0057910848208515553
694.524,0.007419323234225117
696.15300000000002,0.0083186589169153002
697.78200000000004,0.010335670756223436
699.41200000000003,0.012065705005522176
701.04100000000005,0.014234888955504066
702.67100000000005,0.016108295175107923
704.29999999999995,0.019561431270049279
705.92999999999995,0.021694654863674279
707.55899999999997,0.024564457992847122
709.18899999999996,0.026914422146431916
710.81799999999998,0.029683161860545093
712.44799999999998,0.032089147742313195
714.077,0.034328532553657642
715.70699999999999,0.036808237750579731
717.33600000000001,0.039870551691828071
718.96600000000001,0.04144871508659409
720.59500000000003,0.044146305197864
722.22500000000002,0.046070955227831445
723.85400000000004,0.048749998844239362
725.48299999999995,0.051451834276113662
727.11300000000006,0.053972793324212565
728.74199999999996,0.056441391768426774
730.37199999999996,0.059070607120022989
732.00099999999998,0.061855695037179692
733.63099999999997,0.065534478433788013
735.25999999999999,0.068439823000027822
736.88999999999999,0.072180735942900864
738.51900000000001,0.0761927488194033
740.149,0.079337929176559352
741.77800000000002,0.08419993208814236
743.40800000000002,0.088155439571920957
745.03700000000003,0.092254128366987542
746.66700000000003,0.095778802066383673
748.29600000000005,0.10045162844872157
749.92499999999995,0.1048037208978233
751.55499999999995,0.10849055091790905
753.18399999999997,0.11290598239271543
754.81399999999996,0.11577330625418314
756.44299999999998,0.11742925621392519
758.07299999999998,0.11926054932679608
759.702,0.12114966578052144
761.33199999999999,0.12225733684529261
762.96100000000001,0.12120711598378575
764.59100000000001,0.12181055975822896
766.22000000000003,0.12237683012332856
767.85000000000002,0.12227477100607254
769.47900000000004,0.12369686033978655
771.10900000000004,0.12680240398175791
772.73800000000006,0.13007893985875818
774.36699999999996,0.13459262127079263
775.99699999999996,0.14007083566514489
777.62599999999998,0.14605725876105047
779.25599999999997,0.15259614308835434
780.88499999999999,0.16117779175177294
782.51499999999999,0.17145525906559256
784.14400000000001,0.181412961364814
785.774,0.19355104879444562
787.40300000000002,0.20659823218479334
789.03300000000002,0.21997297098035884
790.66200000000003,0.23581821807384151
792.29200000000003,0.25100620830103304
793.92100000000005,0.26669083354619438
795.55100000000004,0.28290094020105394
797.17999999999995,0.29802634038966336
798.80899999999997,0.31172956982493272
800.43899999999996,0.32426568324978877
802.06799999999998,0.33187043136283512
803.69799999999998,0.33729050040980191
805.327,0.33728522823527829
806.95699999999999,0.33139990371369821
808.58600000000001,0.3187562623042115
810.21600000000001,0.30236275240802524
811.84500000000003,0.28374930633310702
813.47500000000002,0.26520387128054379
815.10400000000004,0.24742535756896689
816.73400000000004,0.23548859721595516
818.36300000000006,0.22557547806133593
819.99300000000005,0.21973151759725162
821.62199999999996,0.21676861494090349
823.25199999999995,0.21768967414689766
824.88099999999997,0.22141281971740068
826.50999999999999,0.22673275520649971
828.13999999999999,0.23429623479817807
829.76900000000001,0.24324903270187781
831.399,0.25401843361411236
833.02800000000002,0.26725562288333349
834.65800000000002,0.28056747710902774
836.28700000000003,0.29533611126537607
837.91700000000003,0.31255747591318872
839.54600000000005,0.33134375054085707
841.17600000000004,0.35129927451084419
842.80499999999995,0.37128696980336429
844.43499999999995,0.39254857239633068
846.06399999999996,0.41357812602068689
847.69399999999996,0.43692520527014156
849.32299999999998,0.45849347386782402
850.952,0.4798313228704808
852.58199999999999,0.50002525892431038
854.21100000000001,0.51792554056102302
855.84100000000001,0.53289399452344344
857.47000000000003,0.54567868222406224
859.10000000000002,0.55429766469564656
860.72900000000004,0.5630196593509933
862.35900000000004,0.56796207164071832
863.98800000000006,0.57122672826471033
865.61800000000005,0.57297629385460769
867.24699999999996,0.57274407476705214
868.87699999999995,0.57152324192833148
870.50599999999997,0.56699462399351463
872.13599999999997,0.56151379302739035
873.76499999999999,0.55560833543300681
875.39400000000001,0.54796630638528787
877.024,0.54421562261228251
878.65300000000002,0.53928670297928971
880.28300000000002,0.53701486345264726
881.91200000000003,0.53154469403354476
883.54200000000003,0.52505851577614282
885.17100000000005,0.51720640352436464
886.80100000000004,0.50638941082183364
888.42999999999995,0.49000469553605924
890.05999999999995,0.47154703947422449
891.68899999999996,0.44989689065426297
893.31899999999996,0.42676764420363378
894.94799999999998,0.40061620679853704
896.57799999999997,0.37245777728739782
898.20699999999999,0.34416709406408408
899.83699999999999,0.31420596180133364
901.46600000000001,0.28559904402670744
903.09500000000003,0.25663087198718193
904.72500000000002,0.22824216566119637
906.35400000000004,0.20175548780295249
907.98400000000004,0.17672980841804897
909.61300000000006,0.15425624431421003
911.24300000000005,0.13457422764181048
912.87199999999996,0.11415509164928084
914.50199999999995,0.095119153041202442
916.13099999999997,0.081084041542233254
917.76099999999997,0.067199186039881176
919.38999999999999,0.055962960184025468
921.01999999999998,0.046775341180508856
922.649,0.036818470618923516
924.279,0.030560316811741095
925.90800000000002,0.022583148170992495
927.53700000000003,0.019278350144077749
929.16700000000003,0.014893055915085718
930.79600000000005,0.012982876357102935
932.42600000000004,0.0098363179333296191
934.05499999999995,0.0081122086157255913
935.68499999999995,0.0040107706910308405
937.31399999999996,0.0035734264034934515
938.94399999999996,-0.00079835207595713165
940.57299999999998,-0.0016865483325851915
942.20299999999997,-0.0013389043733108563
943.83199999999999,-0.0037168080176379625
945.46199999999999,-0.001936470083556574
947.09100000000001,-0.0031868417130241911
948.721,-0.0035990432427752683
950.35000000000002,-0.0024476136232547407
951.97900000000004,0.0001303335757025792
953.60900000000004,-0.00098442311005575434
955.23800000000006,-0.00055014573495515418
956.86800000000005,-4.6889812699291156e-06
958.49699999999996,0.0016375455676856943
960.12699999999995,-9.2552617281693728e-05
961.75599999999997,0.00082986866426526529
963.38599999999997,0.0040660225126654126
965.01499999999999,0.0046424446602845171
966.64499999999998,0.0037484396184518376
968.274,0.0032619767952037915
969.904,0.0012265494560367296
971.53300000000002,0.0012219857621773578
973.16300000000001,0.0015760758484071324
974.79200000000003,0.00028959483936985553
976.42200000000003,-0.0031009295021916516
978.05100000000004,-0.00095418346403730592
979.67999999999995,5.7817082829259014e-05
981.30999999999995,-0.0020345487410090568
982.93899999999996,-0.0018890865220730912
984.56899999999996,-0.0025409161083743692
986.19799999999998,-0.0023929701658680358
987.82799999999997,-0.0046389802449289252
989.45699999999999,-0.0042983420118811733
991.08699999999999,-0.0045832996985503138
992.71600000000001,-0.0059726798508934476
994.346,-0.0050713380292698451
995.97500000000002,-0.0065309260021284565
997.60500000000002,-0.0083826714203627528
999.23400000000004,-0.0098956019765118475
1000.86,-0.0067767779830811836
1002.49,-0.010155903829613067
