wavelength_nm,usgs_aspen_green_reflectance,usgs_dry_grass_reflectance,usgs_sand_reflectance,usgs_seawater_reflectance,chemla_bchl_a_yf10_absorbance,chemla_smurfp_biliverdin_ecoli_absorbance,chemla_smurfp_biliverdin_pputida_absorbance
400.0,0.049495924,0.042547739,0.125454318,0.048077424,-0.0207996389,-0.0190873217,0.0116620545
401.0,0.049495924,0.0433740964,0.126078658,0.0481994253,-0.0201148343,-0.020533101,0.0109552282
402.0,0.049495924,0.0442139576,0.126844342,0.0483279078,-0.0172520515,-0.0216451247,0.00350088222
403.0,0.049495924,0.045056,0.1274069,0.0484571103,-0.014456436,-0.0231012254,-0.00450246097
404.0,0.049495924,0.0459069825,0.127667157,0.0485541083,-0.0154722879,-0.0270181067,-0.00495435403
405.0,0.049495924,0.046778046,0.12814748,0.0486475289,-0.0151087728,-0.0307268234,-0.00653381503
406.0,0.049495924,0.0476760471,0.128678773,0.0487019934,-0.0134821593,-0.0342449219,-0.00914579994
407.0,0.049495924,0.0485894069,0.128962047,0.0487521299,-0.0158339845,-0.0400283687,-0.0118680991
408.0,0.049495924,0.049502195,0.129688966,0.0487364078,-0.017160827,-0.0449455382,-0.0144701618
409.0,0.049495924,0.050402953,0.130333474,0.0487133689,-0.0142655363,-0.0466665455,-0.0166978592
410.0,0.049495924,0.051298272,0.13076366,0.048679686,-0.0140174274,-0.050648297,-0.019844142
411.0,0.049495924,0.052199221,0.131474373,0.0486448205,-0.0152994761,-0.0559291944,-0.0235012324
412.0,0.049495924,0.053115826,0.13181452,0.0486386334,-0.0154305942,-0.0583252243,-0.0217378829
413.0,0.049495924,0.0540530216,0.13226674,0.0486305793,-0.0160714376,-0.0612940449,-0.0215069279
414.0,0.049495924,0.055014763,0.13329953,0.0486023143,-0.0175654575,-0.0652216007,-0.0238408899
415.0,0.049496889,0.056001304,0.133895525,0.0485740493,-0.0184597883,-0.0667851655,-0.023839074
416.0,0.049498048,0.056999245,0.134424625,0.0485333666,-0.0191277998,-0.0674605137,-0.0232588526
417.0,0.049499325,0.057991505,0.13506049,0.0484430103,-0.0196337673,-0.0675274016,-0.0243800547
418.0,0.04950076,0.0589661833,0.135699654,0.048352654,-0.0201560795,-0.068245502,-0.0243616039
419.0,0.049502268,0.059931561,0.13616998,0.0482621075,-0.0206956779,-0.0696523334,-0.0231378413
420.0,0.0495039636,0.0609010968,0.136643397,0.0481708001,-0.0204784791,-0.0663898498,-0.0245352854
421.0,0.049864314,0.061884109,0.13733205,0.0480794927,-0.0206141271,-0.062699668,-0.0253374811
422.0,0.0502329208,0.0628749979,0.138183137,0.0479880294,-0.0223813391,-0.0602062024,-0.0226232902
423.0,0.0506177542,0.0638639161,0.138838923,0.047895942,-0.0226966839,-0.0571920854,-0.0228853263
424.0,0.0510137975,0.0648438357,0.139359308,0.0478038546,-0.0220360243,-0.0538279654,-0.0251481037
425.0,0.0513629915,0.0658171303,0.140116102,0.0477126344,-0.0219609129,-0.05143125,-0.0244794564
426.0,0.051594142,0.066788785,0.14068361,0.0476248838,-0.0222810425,-0.0493041957,-0.0246193678
427.0,0.0516695532,0.0677636288,0.141217747,0.0475371331,-0.0233340905,-0.0476405839,-0.0265248028
428.0,0.051685531,0.068746075,0.14189298,0.0474418871,-0.0232652584,-0.0456504518,-0.0275920243
429.0,0.0517718035,0.0697404021,0.142655806,0.0473166537,-0.022680016,-0.0439295504,-0.0283554808
430.0,0.0520248535,0.0707489599,0.143277984,0.0471914202,-0.0214513609,-0.0468459881,-0.0295820293
431.0,0.0524075264,0.0717665432,0.143823857,0.0470547418,-0.0222480192,-0.0488186451,-0.030468079
432.0,0.0528491616,0.0727857998,0.144526133,0.0468722775,-0.0255200605,-0.0496377925,-0.0309379632
433.0,0.053292103,0.073798776,0.14522484,0.0466898132,-0.0271225056,-0.0537333721,-0.0307206742
434.0,0.0537300114,0.0747939967,0.145902757,0.0465085705,-0.0283214616,-0.0584536089,-0.030387103
435.0,0.054169398,0.075759061,0.14655416,0.046332214,-0.0293532289,-0.0627939422,-0.0301955941
436.0,0.0546069819,0.076686518,0.147186127,0.0461558575,-0.0302700407,-0.0659714261,-0.0304037538
437.0,0.0549997911,0.077587581,0.147837363,0.0459810204,-0.0310972609,-0.0682426323,-0.0309233991
438.0,0.0552950707,0.0784784499,0.148549878,0.0458122618,-0.0322931674,-0.0707921806,-0.0303076638
439.0,0.0554616953,0.0793711451,0.149328592,0.0456435032,-0.033255506,-0.0732245184,-0.0296203249
440.0,0.055555742,0.080262057,0.15000334,0.0454695924,-0.0336186833,-0.0753405175,-0.028958831
441.0,0.055655057,0.0811436242,0.150606044,0.0452750701,-0.0341272108,-0.0761719108,-0.0282080944
442.0,0.055813231,0.082011193,0.15121014,0.0450805478,-0.0346694736,-0.0764104011,-0.0273862689
443.0,0.0559868562,0.0828716466,0.151906167,0.044889271,-0.034410257,-0.0773282309,-0.0259620028
444.0,0.0561083318,0.0837349734,0.152558783,0.0447109781,-0.0340317283,-0.0776896422,-0.0253938648
445.0,0.056136988,0.0846079978,0.153166406,0.0445326851,-0.0334850127,-0.0772667045,-0.0260325582
446.0,0.056140393,0.0854859342,0.153787724,0.0443606832,-0.0328595669,-0.0765559742,-0.0237332114
447.0,0.056213211,0.086361013,0.1544874,0.0442138467,-0.0321548057,-0.0757921472,-0.0212406257
448.0,0.056416528,0.0872279393,0.155170453,0.0440670102,-0.0311375896,-0.0751675014,-0.0220561266
449.0,0.056677245,0.088091113,0.15581477,0.0439234196,-0.0302956085,-0.0744066365,-0.0216892709
450.0,0.0568888569,0.0889575717,0.156504597,0.0437928124,-0.029611539,-0.0735230193,-0.0202569456
451.0,0.0569780381,0.0898312763,0.157195173,0.0436622052,-0.0284545941,-0.0730870503,-0.0212265979
452.0,0.0570048096,0.0907049636,0.157835206,0.0435828447,-0.0271480778,-0.0726287445,-0.0220499256
453.0,0.0570623724,0.0915681184,0.158402484,0.0435254473,-0.0255800083,-0.0719680016,-0.0217143532
454.0,0.057214335,0.092413902,0.15900378,0.0435031184,-0.0242490001,-0.0711023861,-0.0214344695
455.0,0.0574051381,0.0932481207,0.159628014,0.0434958188,-0.0230564288,-0.0701222619,-0.0212034778
456.0,0.057549421,0.094079882,0.16021159,0.0434491456,-0.0223510259,-0.0693573515,-0.0231169769
457.0,0.0575864987,0.0949155624,0.160683367,0.0433855979,-0.0214977328,-0.0688367134,-0.0238880907
458.0,0.057554454,0.095751069,0.16133861,0.0433035213,-0.0204021182,-0.0687163208,-0.0227873806
459.0,0.05751599,0.0965796572,0.161977545,0.0432135033,-0.0185564013,-0.0682590073,-0.0226964717
460.0,0.05751726,0.0973964698,0.162451125,0.0431461012,-0.0166167657,-0.0675457131,-0.0228345053
461.0,0.057537645,0.098204024,0.16303438,0.0430883921,-0.0158317689,-0.0657832096,-0.0221698662
462.0,0.057540048,0.099006921,0.163598024,0.0430520852,-0.0146822799,-0.0633903141,-0.0218403342
463.0,0.057499148,0.099808589,0.16408989,0.0430249502,-0.0131534212,-0.0603412964,-0.0218595874
464.0,0.0574373935,0.100609058,0.164517985,0.0429828756,-0.0122292561,-0.0591272492,-0.0214460131
465.0,0.057388991,0.10140702,0.16498892,0.0429343986,-0.0111739826,-0.0582015813,-0.0209623878
466.0,0.0573801882,0.102201838,0.165491065,0.0428601622,-0.00935726508,-0.0572497516,-0.0204781792
467.0,0.0574049058,0.102993722,0.166009805,0.0427748867,-0.00780966182,-0.0554241984,-0.019696619
468.0,0.0574491666,0.103783648,0.166557485,0.0426752727,-0.00643997797,-0.0530210007,-0.0187184708
469.0,0.0575050594,0.104571412,0.167019105,0.0425695137,-0.00495131388,-0.0521585457,-0.0196896077
470.0,0.057589773,0.10535412,0.16741122,0.0424437068,-0.00354304704,-0.0506630337,-0.0200789092
471.0,0.057726676,0.106128068,0.167830185,0.042309308,-0.00229510132,-0.0478730372,-0.0192501244
472.0,0.057923228,0.10689124,0.16833808,0.042160441,-0.000720649971,-0.0464985446,-0.0196630356
473.0,0.0581233703,0.107648838,0.168819904,0.042005374,0.00101378324,-0.0455746702,-0.020400728
474.0,0.0582551387,0.108407762,0.169241366,0.0418423702,0.00306659951,-0.0433817408,-0.0192563361
475.0,0.0582687173,0.109172758,0.169732065,0.0416759652,0.00504026572,-0.0415663088,-0.0185317807
476.0,0.0582027857,0.109939662,0.170252165,0.0415170674,0.00691912582,-0.0402030441,-0.0183101063
477.0,0.058118351,0.11070248,0.1707599,0.0413613867,0.00889497843,-0.0385447182,-0.018219035
478.0,0.0580708012,0.111456687,0.171229115,0.0412092817,0.010814427,-0.0366899701,-0.0179305775
479.0,0.058093399,0.11220432,0.17174561,0.0410587092,0.0124181076,-0.0342862324,-0.0167187918
480.0,0.0582138253,0.112948897,0.172202534,0.0408971979,0.0143808674,-0.0329267458,-0.0171869689
481.0,0.0584420687,0.113693633,0.172609626,0.0407309988,0.0166189636,-0.0323679747,-0.0189433153
482.0,0.0587167544,0.114439497,0.173123146,0.0405432292,0.0184876225,-0.0290711674,-0.0174593941
483.0,0.0589587476,0.115187023,0.173685944,0.0403462152,0.0203494584,-0.025973681,-0.0162619126
484.0,0.059107326,0.11593575,0.17421316,0.040113468,0.0222519634,-0.0237416891,-0.0162028066
485.0,0.0591758853,0.116682253,0.174655376,0.0398654065,0.0240889496,-0.0215490709,-0.0159714343
486.0,0.059196077,0.11742192,0.17514209,0.0395922845,0.0258951545,-0.0193749946,-0.0157023373
487.0,0.059197675,0.118152217,0.175674356,0.0393084225,0.0277080065,-0.0171977897,-0.0163076724
488.0,0.059202142,0.118877693,0.176248064,0.0390084782,0.0296642343,-0.0144126002,-0.016288639
489.0,0.0592290957,0.119605227,0.176832245,0.0387016412,0.0318192722,-0.0107843581,-0.0154038344
490.0,0.0592956163,0.120338863,0.177314215,0.0383838089,0.0340254746,-0.00839101534,-0.0160190265
491.0,0.059409726,0.12107446,0.17782404,0.0380612642,0.0361830748,-0.00625607651,-0.0165567549
492.0,0.0595771203,0.121805523,0.178439884,0.0377264526,0.0380136797,-0.00374396882,-0.0145818143
493.0,0.059794698,0.12252734,0.17899574,0.0373863841,0.0398677456,-0.00108212345,-0.0122516917
494.0,0.060024766,0.123243227,0.179564516,0.0370338439,0.0417426166,0.00171250816,-0.00960659629
495.0,0.060220666,0.12395792,0.18016221,0.0366759589,0.0435732505,0.00409366411,-0.00809899326
496.0,0.0603510819,0.124675187,0.180764605,0.0363145132,0.0453187114,0.00651338635,-0.00647589485
497.0,0.0604451661,0.125393193,0.181306675,0.0359515415,0.0468492189,0.00915792715,-0.004209157
498.0,0.060547281,0.12610891,0.18190031,0.0355719194,0.0489820391,0.0118470827,-0.00217637484
499.0,0.0607003035,0.126820323,0.182572943,0.0351851614,0.0514419618,0.0145580844,-0.000267048523
500.0,0.060940925,0.12752856,0.18315564,0.034786215,0.053236305,0.017038858,0.00217415154
501.0,0.061304571,0.128236297,0.183710116,0.0343820449,0.0552662601,0.0194403717,0.00469068495
502.0,0.0618060662,0.128944771,0.18429383,0.0339687066,0.0576757778,0.0217142003,0.00732857783
503.0,0.0623793525,0.129653146,0.184948057,0.0335514393,0.0596070652,0.02318321,0.00991043975
504.0,0.0629379544,0.130359593,0.185571744,0.0331581358,0.0614029757,0.0244793999,0.0124783642
505.0,0.06342835,0.13106331,0.1861666,0.032775103,0.0633447725,0.0264097031,0.015076971
506.0,0.0639280204,0.131766054,0.186776814,0.0324161905,0.0650287968,0.0281206889,0.0172237563
507.0,0.0645473864,0.132470499,0.187480549,0.0320676147,0.0664498413,0.0296079265,0.0189095924
508.0,0.0653660056,0.133178236,0.188108397,0.0317305787,0.0679275627,0.0306338269,0.020533961
509.0,0.06634029,0.13388696,0.18874443,0.0313984887,0.0692881037,0.0315515137,0.0224449019
510.0,0.0673958019,0.134593317,0.189472356,0.0310921251,0.0702406624,0.0323519689,0.0253146158
511.0,0.0684828913,0.135295254,0.190104262,0.0307967867,0.0715935821,0.0331194136,0.0278698286
512.0,0.0696499337,0.135994006,0.190727218,0.0305342598,0.0732068026,0.033865396,0.0302205637
513.0,0.0709700828,0.136691693,0.191382873,0.030285793,0.0743462155,0.0358624657,0.0317405631
514.0,0.072497576,0.13739027,0.19206131,0.030062827,0.0756790007,0.0370165714,0.0332282908
515.0,0.0742117726,0.138089307,0.192725967,0.0298507899,0.0773966731,0.0365289253,0.0346920909
516.0,0.0760733934,0.138788181,0.19338222,0.0296585192,0.0787433705,0.0372239243,0.0370618118
517.0,0.0780527714,0.139486416,0.194046487,0.0294747189,0.0798883585,0.0383558799,0.0396923635
518.0,0.0801589799,0.140184123,0.194727233,0.0293219476,0.0804529192,0.039202458,0.041338614
519.0,0.082410799,0.140881577,0.195389797,0.029182475,0.0812170675,0.0401650669,0.0426571615
520.0,0.0848116928,0.141578954,0.196044654,0.0290598462,0.0822164597,0.0412644352,0.0435894622
521.0,0.0873037942,0.142275849,0.196730429,0.0289444356,0.0835071618,0.0428585028,0.0458422597
522.0,0.0898144889,0.142971883,0.197427293,0.0288314798,0.0848529384,0.0446313662,0.0482160496
523.0,0.092288107,0.14366673,0.19814479,0.028719576,0.0861803492,0.046714117,0.0499919565
524.0,0.0947382396,0.144360517,0.198884167,0.0286125543,0.0872245239,0.0490987507,0.0529051632
525.0,0.0971962486,0.145053654,0.199623554,0.0285076247,0.0880558995,0.0517101932,0.0566728385
526.0,0.0996738624,0.145746426,0.200339036,0.0284044495,0.0893530252,0.0553597877,0.0601632777
527.0,0.102105696,0.146439133,0.201044673,0.028302026,0.0906460898,0.0590532129,0.0642987375
528.0,0.10440609,0.14713165,0.20177186,0.0281987713,0.0918658046,0.0626997555,0.0698948809
529.0,0.106508878,0.147824094,0.202522295,0.0280951602,0.0931923568,0.0663862051,0.0749891765
530.0,0.108423013,0.148516091,0.203270492,0.0279938421,0.094595081,0.0701421415,0.0798726581
531.0,0.110176255,0.149207206,0.204008605,0.0278935066,0.0964687353,0.0748071827,0.0851704139
532.0,0.111793764,0.149897273,0.204761382,0.0277880689,0.0981378582,0.079289995,0.0903101207
533.0,0.113288944,0.150586527,0.205515588,0.027680445,0.0995279866,0.0835242349,0.095234238
534.0,0.114672126,0.151275234,0.206268445,0.027567401,0.100979969,0.0881204204,0.101287387
535.0,0.115951372,0.151963899,0.207027357,0.0274520344,0.102294598,0.0925996609,0.107466912
536.0,0.117124788,0.152653453,0.207817962,0.0273423078,0.102827253,0.0960040789,0.112797459
537.0,0.11818773,0.15334475,0.20857741,0.0272349979,0.103792418,0.100601239,0.118014856
538.0,0.119132918,0.154038797,0.209311548,0.0271345764,0.105133502,0.106235083,0.123133907
539.0,0.11994287,0.154737221,0.210091002,0.0270371069,0.106065922,0.110635316,0.128256424
540.0,0.120597407,0.155441746,0.210826825,0.0269390634,0.106861702,0.115380275,0.133156817
541.0,0.121095135,0.156155223,0.211544353,0.0268407739,0.107411583,0.121369209,0.137473582
542.0,0.12150964,0.15688497,0.2122777,0.0267294414,0.107713593,0.126609682,0.142346929
543.0,0.12193328,0.157639546,0.213013004,0.0266125192,0.107882718,0.131459996,0.147489167
544.0,0.122431135,0.158419677,0.213729319,0.0264969889,0.108222205,0.13746603,0.150543352
545.0,0.122959699,0.159196284,0.214434286,0.0263820552,0.108424659,0.143355583,0.153424779
546.0,0.12344817,0.15993249,0.21515334,0.0262734031,0.108410969,0.149061406,0.156033712
547.0,0.123846713,0.160603066,0.215869877,0.0261674432,0.107460048,0.155204728,0.157638142
548.0,0.124189257,0.161228892,0.216574604,0.026070861,0.106232212,0.161425355,0.158846655
549.0,0.124530763,0.161842618,0.217275476,0.0259782986,0.105154982,0.167224859,0.159547303
550.0,0.124904926,0.162471374,0.218009733,0.0258827686,0.104214923,0.173379392,0.161468333
551.0,0.12526053,0.16312064,0.21871635,0.0257859666,0.103412585,0.179890377,0.164614636
552.0,0.125525131,0.163790467,0.219407287,0.0256873621,0.103014812,0.186496671,0.168130024
553.0,0.125637068,0.164479541,0.220120021,0.0255879851,0.10284383,0.193290972,0.172078155
554.0,0.125577911,0.165180786,0.220819596,0.025492465,0.103199591,0.200635528,0.177221996
555.0,0.125340032,0.165885903,0.221531963,0.0253985981,0.103822497,0.208460355,0.183431204
556.0,0.124920304,0.166588377,0.222249487,0.0253101728,0.104615484,0.216590951,0.190318691
557.0,0.124333775,0.167289224,0.222914824,0.0252240795,0.104999885,0.223303782,0.19845402
558.0,0.123600162,0.167991159,0.22359727,0.0251413286,0.10532605,0.23024404,0.206890171
559.0,0.122733967,0.168696296,0.224299836,0.0250600103,0.105559574,0.237653525,0.21583562
560.0,0.12172994,0.16940296,0.22501154,0.0249804939,0.10599327,0.244910795,0.225223992
561.0,0.120577907,0.170108687,0.225734527,0.0249017497,0.106401824,0.252091035,0.234911569
562.0,0.119275672,0.170811384,0.226438194,0.0248277679,0.105813497,0.259091609,0.245853924
563.0,0.117853488,0.171510806,0.227121946,0.024755827,0.105324175,0.265956423,0.257014911
564.0,0.116349765,0.172207273,0.227807943,0.0246783265,0.104949682,0.272663782,0.268429473
565.0,0.11479583,0.17290105,0.22842528,0.0245984432,0.103961544,0.279849162,0.280224728
566.0,0.113195177,0.173592834,0.229023812,0.0245099691,0.103041365,0.287069146,0.292102636
567.0,0.111544229,0.174283441,0.229646488,0.0244178135,0.102862942,0.294052897,0.304007381
568.0,0.109839894,0.174973476,0.230240108,0.0243293445,0.102212324,0.301178031,0.315943713
569.0,0.108078778,0.175663543,0.230810784,0.0242424557,0.101212691,0.308407665,0.327903393
570.0,0.106258021,0.176354137,0.231369006,0.0241520867,0.100371409,0.315907959,0.338471468
571.0,0.104388003,0.177045674,0.231930131,0.0240602264,0.0996139277,0.323714724,0.349093699
572.0,0.102532676,0.177738929,0.232476864,0.0239616887,0.0990178911,0.332150766,0.360008468
573.0,0.100768898,0.178434693,0.232993325,0.0238602897,0.0989974393,0.340639969,0.370126961
574.0,0.099155851,0.17913324,0.23347795,0.0237615304,0.0992555158,0.349148525,0.379842678
575.0,0.0976786553,0.179833117,0.233959055,0.0236639024,0.0997830862,0.357576561,0.388896829
576.0,0.096304219,0.180532454,0.23445768,0.0235643707,0.100608866,0.365743995,0.398038981
577.0,0.095003936,0.181228696,0.23495347,0.0234640233,0.101833186,0.373563147,0.40729874
578.0,0.0937674244,0.181916573,0.235408745,0.0233590082,0.103579972,0.381644033,0.415695556
579.0,0.092588805,0.18259016,0.23583485,0.0232519926,0.105536136,0.389781696,0.424041548
580.0,0.091466324,0.183245823,0.236269629,0.0231448195,0.107871535,0.397872765,0.433211736
581.0,0.0904148452,0.183889289,0.236731264,0.0230375789,0.110733181,0.405614544,0.441904244
582.0,0.0894534262,0.184528727,0.23721095,0.022935547,0.11404492,0.413057582,0.450188199
583.0,0.088596076,0.18517078,0.23770747,0.022835747,0.11756621,0.420774723,0.457528728
584.0,0.0878380993,0.185815786,0.238189194,0.0227412685,0.121038287,0.428088422,0.464764962
585.0,0.0871697021,0.186462593,0.238631319,0.0226490706,0.124330527,0.434294986,0.471972937
586.0,0.0865738269,0.187110421,0.239058977,0.0225550133,0.127812515,0.440845616,0.479064903
587.0,0.0860035697,0.187759674,0.239484616,0.0224601592,0.131382012,0.447571323,0.4860837
588.0,0.085404828,0.18841082,0.23989439,0.0223649955,0.134288825,0.453859955,0.492590841
589.0,0.0847477775,0.189064097,0.240259234,0.022269699,0.137219616,0.459773085,0.498682778
590.0,0.0841003716,0.18971766,0.240624121,0.022177023,0.140187597,0.465103807,0.504130724
591.0,0.0835551799,0.190369217,0.240998573,0.0220854699,0.141554169,0.470353849,0.509240182
592.0,0.0831771378,0.191017564,0.241373416,0.0220005053,0.142352404,0.475560048,0.514203258
593.0,0.082921741,0.191665257,0.241712883,0.0219183645,0.142706325,0.480644698,0.518901282
594.0,0.0827171607,0.192315783,0.242037527,0.0218430113,0.141718423,0.485813761,0.523841676
595.0,0.0825033994,0.19297188,0.24236645,0.0217705676,0.139404701,0.491066229,0.52902155
596.0,0.0822679817,0.193632707,0.242712833,0.021699511,0.136083988,0.495839189,0.533388361
597.0,0.082010388,0.19429663,0.2430433,0.0216290491,0.132242235,0.500424606,0.537730581
598.0,0.0817323071,0.194962077,0.243365543,0.0215658788,0.127242199,0.504645112,0.542358231
599.0,0.0814441533,0.195628313,0.243687677,0.0215058342,0.122199174,0.50911797,0.547021839
600.0,0.0811585167,0.196294707,0.244016563,0.0214528267,0.117129238,0.513748805,0.551707957
601.0,0.0808802868,0.196960513,0.244343087,0.0214028356,0.110493957,0.518274129,0.556482663
602.0,0.080583632,0.19762404,0.24464732,0.0213563304,0.103676867,0.52284876,0.561025378
603.0,0.0802349858,0.198283347,0.244919243,0.0213126455,0.0965710911,0.527515295,0.565146148
604.0,0.0798103814,0.198936659,0.245197078,0.0212746372,0.0895000457,0.532396595,0.569730364
605.0,0.0793237257,0.199582917,0.245456495,0.0212444077,0.0825116466,0.537267872,0.574449971
606.0,0.0787983443,0.200221314,0.245697688,0.0212175357,0.0761712149,0.541295082,0.578809854
607.0,0.0782541204,0.200851726,0.245946142,0.0211908753,0.0694949844,0.545920749,0.583237509
608.0,0.0776971017,0.201477282,0.246188745,0.0211623057,0.062437034,0.551226716,0.587742202
609.0,0.077129716,0.202101901,0.246426233,0.0211318262,0.0558508069,0.557014262,0.592435384
610.0,0.0765565837,0.202728284,0.246652948,0.0211126646,0.0493852572,0.562786076,0.597076693
611.0,0.075991139,0.20335348,0.24685507,0.0210984895,0.0430312992,0.568146,0.601383766
612.0,0.0754489329,0.203973266,0.247082282,0.0210930144,0.0373394286,0.574344223,0.606545244
613.0,0.0749372289,0.204584312,0.247308914,0.0210812735,0.032128972,0.581151987,0.612327972
614.0,0.0744303041,0.205187118,0.247486216,0.0210664203,0.0268757337,0.587903598,0.617739366
615.0,0.0738939474,0.205783214,0.247712178,0.0210477218,0.0218967533,0.594767692,0.623208009
616.0,0.073307447,0.20637423,0.24793939,0.0210317044,0.0175053558,0.601877089,0.628839835
617.0,0.0727036925,0.206962632,0.248138434,0.0210183684,0.0132476158,0.609070193,0.634422809
618.0,0.0721290997,0.207550928,0.248334096,0.0210074528,0.00910159326,0.616252461,0.640084173
619.0,0.0716188202,0.208141298,0.248545766,0.0209967692,0.00575524248,0.622691724,0.647288505
620.0,0.071163543,0.20873465,0.24875832,0.020985999,0.00229036598,0.629500852,0.653733371
621.0,0.070742968,0.209331236,0.248951762,0.0209767216,-0.00133034988,0.636796285,0.659179681
622.0,0.0703428686,0.209931442,0.249150374,0.0209678411,-0.00464492817,0.643035482,0.665398504
623.0,0.0699737851,0.210535742,0.249337344,0.0209567761,-0.00783104963,0.649132791,0.67162379
624.0,0.0696524042,0.211144504,0.249510318,0.0209466612,-0.0107621296,0.655790545,0.676973998
625.0,0.069392845,0.21175748,0.24968179,0.0209374966,-0.0133825411,0.661799678,0.682351651
626.0,0.0691987487,0.212371866,0.249860732,0.020927823,-0.0157425394,0.667265115,0.687752308
627.0,0.06907109,0.212983968,0.250046076,0.0209179138,-0.0179790065,0.672756609,0.692173973
628.0,0.0690027634,0.213590968,0.250236836,0.0209075871,-0.0201187666,0.678154773,0.696623483
629.0,0.0689530895,0.214191134,0.250435168,0.0209003078,-0.0220450709,0.683312643,0.701373944
630.0,0.068873048,0.21478295,0.25063151,0.0208941413,-0.0238329392,0.688282993,0.705380759
631.0,0.0687308426,0.215366182,0.250825024,0.0208862363,-0.0255346696,0.693125403,0.708993347
632.0,0.0685622071,0.215942123,0.251017744,0.0208768427,-0.0267411087,0.69687503,0.712510979
633.0,0.0684198248,0.216512769,0.251205056,0.0208639759,-0.0278856912,0.700545368,0.715501152
634.0,0.068334922,0.21707988,0.25139722,0.0208522346,-0.0289359269,0.70409477,0.717686818
635.0,0.0682515034,0.217641406,0.251590792,0.0208431195,-0.0297258603,0.707315861,0.72003796
636.0,0.068092161,0.218195401,0.251767104,0.0208347296,-0.0304849001,0.710344346,0.722370987
637.0,0.067794158,0.218739829,0.251957536,0.0208280317,-0.0315474465,0.712787801,0.724273241
638.0,0.0673551384,0.219277135,0.252144428,0.0208228329,-0.0324181048,0.714765857,0.725438441
639.0,0.066787422,0.21980958,0.25231054,0.0208211324,-0.0331029187,0.716293173,0.725889801
640.0,0.0661141359,0.220339825,0.252498122,0.0208177585,-0.0335617695,0.717009791,0.726387123
641.0,0.0654005797,0.220867176,0.252665435,0.0208104801,-0.0339749017,0.717448187,0.726864048
642.0,0.0647228196,0.2213913,0.252819447,0.0208026115,-0.0343448421,0.717387204,0.727260189
643.0,0.0641340079,0.221911615,0.252999718,0.0207933657,-0.034547951,0.716860506,0.726337579
644.0,0.0635973906,0.222428805,0.253144921,0.0207863639,-0.0346483735,0.716047157,0.724603265
645.0,0.0630537082,0.22294466,0.253290983,0.0207845999,-0.0344857907,0.714165685,0.722559047
646.0,0.0624656336,0.223459895,0.253459865,0.0207806306,-0.034531406,0.711695515,0.719686735
647.0,0.0618844648,0.223975685,0.253609839,0.0207715147,-0.0349518744,0.708197949,0.71534782
648.0,0.06138359,0.224492,0.25375712,0.0207611413,-0.0349215729,0.70390039,0.710163742
649.0,0.0610153243,0.225009865,0.253920442,0.0207478327,-0.0347519397,0.699246775,0.704439244
650.0,0.0607469226,0.22552891,0.254109413,0.0207358897,-0.034816021,0.694050257,0.696695043
651.0,0.0605244644,0.2260487,0.254277227,0.0207271341,-0.0347554507,0.688167966,0.688491385
652.0,0.0603022222,0.226569365,0.254440638,0.0207175157,-0.0345554397,0.68151854,0.679773756
653.0,0.060066376,0.22708929,0.25460628,0.0207058839,-0.0341819356,0.673043914,0.669370334
654.0,0.0598112255,0.22760674,0.254764384,0.0206922693,-0.0337705334,0.663998388,0.658354073
655.0,0.0595357336,0.228120935,0.254941615,0.0206740271,-0.0333384893,0.654099444,0.646233507
656.0,0.0592569276,0.22863128,0.255122776,0.0206601785,-0.0324224237,0.643170741,0.632697592
657.0,0.0589964116,0.229137985,0.255288178,0.020656583,-0.0311615755,0.631508512,0.618153482
658.0,0.0587679309,0.229640595,0.255444022,0.0206532044,-0.0309487337,0.617462134,0.602615857
659.0,0.0585538255,0.2301391,0.255601173,0.0206503319,-0.0304882361,0.60271179,0.586237558
660.0,0.0583283898,0.230632575,0.255761495,0.0206458212,-0.0294084236,0.586738125,0.568212737
661.0,0.0580718436,0.231120815,0.255915818,0.0206374876,-0.0283459375,0.568706167,0.548334227
662.0,0.05778788,0.23160441,0.25605094,0.0206296198,-0.027301505,0.549712445,0.527614631
663.0,0.0574860539,0.232084265,0.256184251,0.0206228389,-0.0264049548,0.5298911,0.506504514
664.0,0.0571798526,0.232561334,0.256326174,0.0206167696,-0.0253172502,0.508934355,0.484457133
665.0,0.0568984096,0.23303693,0.256463707,0.0206123611,-0.0239822724,0.48650888,0.461197329
666.0,0.0566747252,0.233512565,0.256601389,0.0206086241,-0.0232095109,0.463823492,0.437185583
667.0,0.056527685,0.23398958,0.25674644,0.0206064541,-0.0224123662,0.440699332,0.412827394
668.0,0.0564196236,0.23446905,0.256901473,0.0206043298,-0.0208766546,0.415824033,0.387694506
669.0,0.0562986616,0.234951866,0.257045776,0.0206023122,-0.019801624,0.390906665,0.362577562
670.0,0.0561328453,0.23543901,0.257209477,0.0206002945,-0.0191065712,0.365954599,0.33747377
671.0,0.055969868,0.2359309,0.25739068,0.0205938182,-0.017908078,0.340082179,0.312585783
672.0,0.0558773503,0.236427905,0.257554172,0.0205862272,-0.0166045668,0.3141679,0.287612778
673.0,0.0559031393,0.2369304,0.257721784,0.0205786363,-0.0151533245,0.288352893,0.262383187
674.0,0.0560160667,0.23743825,0.257910096,0.0205715001,-0.0138362819,0.263520897,0.238254028
675.0,0.0561652315,0.237951495,0.258123308,0.0205644777,-0.0126084989,0.239240215,0.214747662
676.0,0.056309827,0.23847032,0.25833356,0.0205574553,-0.0120314712,0.216411729,0.193048854
677.0,0.0564494594,0.238995915,0.258543972,0.0205500399,-0.0113490339,0.194302375,0.172307029
678.0,0.0565938628,0.239529806,0.258758727,0.0205425263,-0.0105091395,0.173267239,0.152994716
679.0,0.0567549768,0.240073519,0.258986195,0.0205350126,-0.0092691167,0.154079459,0.136012491
680.0,0.05695376,0.240629424,0.259234188,0.0205262269,-0.00802352866,0.135789522,0.119879315
681.0,0.0572133394,0.241199726,0.259494453,0.0205171231,-0.00746240478,0.119609206,0.104694611
682.0,0.0575492239,0.241786672,0.259760175,0.0205080193,-0.00662455653,0.104024791,0.090812631
683.0,0.0579461751,0.242391882,0.260032232,0.0204990437,-0.00552295537,0.0890083437,0.0781723085
684.0,0.0583811463,0.243016068,0.260331144,0.0204901001,-0.00461275166,0.0768278828,0.067323667
685.0,0.05885369,0.24366018,0.26064923,0.0204811565,-0.00366832451,0.0654201772,0.0575240365
686.0,0.0594531414,0.244323077,0.260970323,0.0204758802,-0.00254797103,0.0551845795,0.0501207355
687.0,0.0602913105,0.245003074,0.261288947,0.0204715206,-0.0011569399,0.0466396551,0.0435037337
688.0,0.0614677465,0.245697936,0.261631483,0.0204671609,0.000397191845,0.0391134698,0.0373605275
689.0,0.0630340713,0.246403923,0.261993706,0.0204586685,0.00138087936,0.0322462875,0.0325456762
690.0,0.065029748,0.24711677,0.2623466,0.0204491429,0.00255003493,0.0258691837,0.0282129912
691.0,0.0675087885,0.247832614,0.262689987,0.0204396173,0.00404784455,0.0203377615,0.0247051942
692.0,0.070584292,0.248548161,0.263041741,0.0204316959,0.00505222004,0.016771018,0.0216533243
693.0,0.074384233,0.249261086,0.263405133,0.0204241756,0.00589697026,0.0138780184,0.018876239
694.0,0.0790139567,0.249969293,0.263749957,0.0204166554,0.00689588954,0.0106931228,0.0170302853
695.0,0.0844884551,0.250672077,0.264064283,0.0204059129,0.00768211254,0.00819651749,0.0155148866
696.0,0.0907999365,0.251369194,0.264337905,0.0203943646,0.00823419092,0.00645760987,0.0143633763
697.0,0.0979256872,0.252060329,0.264578903,0.0203828163,0.00936740602,0.00437631453,0.013254042
698.0,0.105782541,0.252745473,0.264836487,0.0203698968,0.0105670496,0.00251363063,0.0122747662
699.0,0.11427215,0.25342476,0.26509902,0.0203566344,0.0116284203,0.00165699873,0.011734701
700.0,0.123296195,0.254097437,0.265356963,0.020343372,0.0128486885,0.00105193169,0.0109358161
701.0,0.132761406,0.254763343,0.265607455,0.0203351966,0.0141802932,0.000623131179,0.0099555813
702.0,0.142573014,0.255421657,0.265859245,0.0203282927,0.0153370954,-0.000732761074,0.00968425922
703.0,0.152645529,0.256071923,0.266099268,0.0203209854,0.0168057057,-0.00160889249,0.00977467671
704.0,0.16291645,0.25671408,0.26632506,0.020313678,0.0189254946,-0.00142570731,0.0105410533
705.0,0.17333247,0.257348343,0.266562645,0.0203040824,0.0204775396,-0.00191202281,0.00987934998
706.0,0.183841967,0.257974969,0.266799847,0.0202944867,0.0218179736,-0.00260397119,0.00870200375
707.0,0.194404689,0.258594178,0.267034765,0.0202848674,0.0235796698,-0.00221584452,0.0088052845
708.0,0.20498319,0.25920621,0.26726535,0.020275248,0.0252002458,-0.00217275249,0.00865047729
709.0,0.215545285,0.259811136,0.267483742,0.0202678699,0.0266419416,-0.00256701732,0.00816852457
710.0,0.22608166,0.260408412,0.267716085,0.0202604919,0.0282928432,-0.0027540013,0.00743630844
711.0,0.236587745,0.260997072,0.267953483,0.0202531167,0.0299518057,-0.00298115771,0.00671397225
712.0,0.247058135,0.261576884,0.268154978,0.0202457415,0.0314278706,-0.00360598047,0.00629817354
713.0,0.25747415,0.26214924,0.26835749,0.0202361352,0.0328479816,-0.00366904649,0.00619324807
714.0,0.267813252,0.262715916,0.268569562,0.0202265289,0.0342226807,-0.00327619399,0.00634062551
715.0,0.278055674,0.263278207,0.268790516,0.0202214539,0.0357326846,-0.00350349375,0.00577376631
716.0,0.288183247,0.263835479,0.269004426,0.0202163785,0.0373590407,-0.00359238404,0.00531534016
717.0,0.29818155,0.264386584,0.269213938,0.0202046012,0.0392389142,-0.0032224607,0.00526233448
718.0,0.308026226,0.264930525,0.269422022,0.0201928239,0.0405134354,-0.00241828473,0.00473594659
719.0,0.317670738,0.265467741,0.269630644,0.0201811068,0.0415050184,-0.0014383037,0.00396499101
720.0,0.327061398,0.265998974,0.269832724,0.0201693897,0.0431609976,-0.00170665739,0.00305126949
721.0,0.336159558,0.266524959,0.270040926,0.0201599976,0.0446245158,-0.00167208577,0.00235993942
722.0,0.34497854,0.26704577,0.27025756,0.0201506053,0.0458052827,-0.00119247573,0.00199533258
723.0,0.353545723,0.267561295,0.270472352,0.020139052,0.0473455156,-0.00139119862,0.00120509746
724.0,0.36187,0.2680716,0.270687854,0.0201274988,0.0489921523,-0.00171435432,0.000351718553
725.0,0.36989184,0.26857721,0.270902096,0.0201160471,0.0506507376,-0.00161341972,-0.00014821132
726.0,0.377535024,0.269078995,0.271112078,0.0201045953,0.0522514268,-0.00122819848,-0.000766825769
727.0,0.38474256,0.26957741,0.27131522,0.0200910106,0.0537980275,-0.000577386446,-0.00149631962
728.0,0.391536684,0.270072195,0.271518292,0.0200774259,0.0553169596,0.00068990562,-0.00220696917
729.0,0.397960933,0.270562815,0.271727176,0.0200662227,0.0568575498,0.00166234512,-0.00283661282
730.0,0.404051388,0.27104877,0.271943836,0.0200550196,0.0584705653,0.00156092804,-0.0032401903
731.0,0.409818982,0.271530355,0.272155968,0.0200439609,0.0601442936,0.00210193356,-0.00368943878
732.0,0.415266651,0.272007675,0.272361342,0.0200329029,0.0618539853,0.0030234824,-0.00416574078
733.0,0.420393856,0.272480919,0.272563134,0.0200310029,0.0641103604,0.00317612591,-0.00417640727
734.0,0.425181396,0.272950066,0.272770284,0.0200291029,0.0661925952,0.00353238377,-0.00417587937
735.0,0.429607436,0.273415325,0.272989508,0.0200251263,0.0679761093,0.00423814384,-0.0041570058
736.0,0.433662,0.27387661,0.27320874,0.0200211499,0.0701381516,0.00485134695,-0.00409280233
737.0,0.437387685,0.274333865,0.273418902,0.0200196104,0.0724516515,0.00548827092,-0.00411249772
738.0,0.440839474,0.274787049,0.273635274,0.0200180709,0.07491452,0.00658023462,-0.00493987276
739.0,0.444062166,0.275236151,0.273851836,0.0200144835,0.0771208665,0.00714767801,-0.00512078141
740.0,0.44705743,0.275681046,0.274062248,0.020010896,0.079050425,0.00714916289,-0.00460415149
741.0,0.44981545,0.27612191,0.27426782,0.020009773,0.0818778705,0.00795581886,-0.00420330573
742.0,0.452331026,0.276558799,0.274498854,0.02000865,0.0847386576,0.00881427488,-0.00380040086
743.0,0.454615892,0.276992783,0.274716916,0.0200077565,0.0871653494,0.0093602137,-0.00331923499
744.0,0.456685589,0.277424981,0.274914436,0.020006863,0.0896449569,0.00957214927,-0.00275328639
745.0,0.45855853,0.27785635,0.27512637,0.020003963,0.0921610335,0.00955389341,-0.00212890644
746.0,0.460261356,0.278286704,0.275334862,0.020001063,0.0943364969,0.0107950903,-0.00124734174
747.0,0.461823049,0.278715499,0.275554155,0.02000067,0.0967340207,0.011806576,-0.000503952642
748.0,0.463266417,0.279142037,0.275788423,0.020000277,0.0996025452,0.0122610237,-5.7122261e-05
749.0,0.464590387,0.279565126,0.276005568,0.0199804315,0.102332459,0.0135569909,0.000361196939
750.0,0.46578729,0.2799831,0.27621466,0.0199605854,0.10497336,0.0151248153,0.000818975425
751.0,0.466851329,0.280395064,0.276430042,0.0199516041,0.107235219,0.0156817544,0.00191126621
752.0,0.467781774,0.280801492,0.276659526,0.0199534884,0.109696731,0.0163026344,0.00272227106
753.0,0.468579454,0.281203472,0.276865296,0.0199553728,0.112407247,0.0170032609,0.00318245863
754.0,0.469251653,0.281601696,0.277061998,0.0199563042,0.114341403,0.0172374378,0.00384593479
755.0,0.46983704,0.28199849,0.27726713,0.0199562825,0.115962383,0.0174536004,0.00453803661
756.0,0.470379781,0.282395248,0.277491604,0.0199562608,0.116978927,0.0180512292,0.00515480434
757.0,0.470910924,0.282793358,0.277704974,0.0199561022,0.118055042,0.0193057462,0.00624225242
758.0,0.47140746,0.283192272,0.277912826,0.0199558065,0.119178534,0.0210827076,0.00770404772
759.0,0.47183248,0.283591,0.27812195,0.0199555108,0.120335571,0.0217372843,0.008864482
760.0,0.472162993,0.283988834,0.278324402,0.0199548462,0.121352173,0.0225832584,0.00992322003
761.0,0.472430715,0.284384948,0.278517664,0.0199538125,0.122031725,0.0240883201,0.0107982968
762.0,0.472680865,0.284778672,0.278718346,0.0199527788,0.121826675,0.0251201452,0.0112649486
763.0,0.472946637,0.285169566,0.278941658,0.0199513558,0.121221554,0.0259179715,0.0115445701
764.0,0.47321209,0.28555721,0.27915481,0.0199495435,0.121591765,0.0267454351,0.0122174455
765.0,0.473448932,0.285941394,0.279358152,0.0199477312,0.121952736,0.0275981509,0.013129173
766.0,0.473636514,0.286322191,0.279566267,0.019945599,0.122300354,0.0284873558,0.0143860392
767.0,0.473783967,0.286700512,0.279802975,0.019943147,0.122327992,0.0289522094,0.0150815868
768.0,0.473907979,0.287077486,0.280036178,0.0199406951,0.122405718,0.0294330538,0.0157262739
769.0,0.474020961,0.287453804,0.280252902,0.0199379929,0.123278701,0.0306827492,0.0169799011
770.0,0.474118411,0.287827827,0.280455144,0.0199350405,0.124689491,0.0311608854,0.0180404164
771.0,0.474191578,0.288197359,0.280670334,0.0199320882,0.126594733,0.030929661,0.0189233874
772.0,0.47423619,0.288561106,0.280891868,0.0199289551,0.128594542,0.0329511385,0.0193423697
773.0,0.47426599,0.28892019,0.28111207,0.0199256415,0.130804897,0.0350031361,0.0200793597
774.0,0.47429919,0.289276514,0.281320752,0.0199223279,0.133575727,0.0363648421,0.021871998
775.0,0.474348401,0.289631757,0.281514504,0.0199189025,0.136720051,0.0369069069,0.0219215239
776.0,0.474404339,0.289986483,0.281724126,0.0199153656,0.14008186,0.0369744782,0.020965338
777.0,0.47445214,0.290341046,0.281950148,0.0199118286,0.143756767,0.0372803385,0.0216402382
778.0,0.47448102,0.29069552,0.28216526,0.0199082494,0.147557592,0.0379120243,0.0224876042
779.0,0.47449675,0.291049697,0.282371824,0.0199046279,0.151569177,0.0390890757,0.023623643
780.0,0.474509211,0.291403331,0.282578897,0.0199010064,0.15651557,0.0394453924,0.0245155995
781.0,0.47452763,0.291755993,0.282796616,0.0198973849,0.161902889,0.039557698,0.0253189871
782.0,0.47455889,0.292107636,0.283025058,0.0198938681,0.168208084,0.0399654566,0.0260871017
783.0,0.474609291,0.292458033,0.283212482,0.0198903514,0.174419953,0.0406503297,0.0272831254
784.0,0.474681532,0.292806897,0.283385784,0.0198868346,0.180532722,0.0416294583,0.0289335268
785.0,0.474763808,0.29315334,0.283581604,0.0198833179,0.187787319,0.0419411487,0.028660691
786.0,0.474840759,0.293496277,0.283775928,0.0198801482,0.195361155,0.0421620827,0.0283838659
787.0,0.47490084,0.2938351,0.28397244,0.0198769784,0.203370476,0.0424567276,0.0292014148
788.0,0.47494754,0.294170473,0.284170932,0.0198738087,0.211496833,0.0429236715,0.0296958558
789.0,0.474988041,0.29450361,0.284370606,0.0198706389,0.219702194,0.0435069245,0.0299721855
790.0,0.475027589,0.294835383,0.284569316,0.0198680624,0.229378959,0.0442622045,0.029849694
791.0,0.47506312,0.295165927,0.284758538,0.0198654859,0.23896763,0.0448232309,0.0302139716
792.0,0.47508958,0.29549518,0.2849381,0.0198629094,0.248285415,0.044992298,0.0315582821
793.0,0.47510344,0.295823077,0.285121264,0.019860333,0.257823099,0.0453142401,0.031902551
794.0,0.47510809,0.29614963,0.285308534,0.0198585955,0.267476477,0.0457615817,0.0319386807
795.0,0.47510728,0.296474064,0.285489856,0.019856858,0.277421327,0.0469358049,0.0331908484
796.0,0.47510529,0.29679659,0.28566071,0.0198551205,0.287069942,0.0476253781,0.0333357601
797.0,0.47510424,0.297118253,0.285833212,0.019853383,0.296355025,0.0477202027,0.0321218789
798.0,0.47510538,0.297439936,0.285998703,0.0198527946,0.304924221,0.0480471783,0.0327995334
799.0,0.47510973,0.297762234,0.286168127,0.0198522061,0.313198525,0.0483837529,0.0337853971
800.0,0.475117,0.298083507,0.286352368,0.0198516177,0.320889393,0.0485451389,0.0343180267
801.0,0.4751265,0.29840133,0.28652385,0.0198510292,0.32688463,0.0486942499,0.0344396184
802.0,0.47513485,0.298714073,0.286690652,0.0198507422,0.331552983,0.0488337552,0.03423956
803.0,0.475128199,0.299022599,0.286860535,0.0198507566,0.334969514,0.0486175128,0.0339666744
804.0,0.475090091,0.299328024,0.287034387,0.019850771,0.337289523,0.0486849216,0.0337894236
805.0,0.475013411,0.299631687,0.287189718,0.0198507854,0.337286287,0.0494679122,0.0338454906
806.0,0.474928559,0.299933823,0.287352982,0.0198507998,0.334855275,0.0496674315,0.0341093263
807.0,0.47487551,0.300234716,0.287533763,0.0198502982,0.331066155,0.049605223,0.0344673066
808.0,0.47488302,0.300534481,0.287699995,0.0198492806,0.323304558,0.0500275549,0.0346737958
809.0,0.474935109,0.300833484,0.287873447,0.019848263,0.314592512,0.0505040222,0.0349714632
810.0,0.47500449,0.30113202,0.28804588,0.0198472454,0.304535144,0.0510571159,0.0353981897
811.0,0.47506616,0.301430233,0.288205092,0.0198462278,0.293404532,0.0509385117,0.0353555959
812.0,0.4751032,0.301727446,0.288355413,0.0198446811,0.281985783,0.0507820587,0.0353810938
813.0,0.47510073,0.302022694,0.288519797,0.0198426053,0.270608216,0.0514281423,0.0364827085
814.0,0.4750537,0.302315437,0.288685438,0.0198405295,0.259474148,0.0519505319,0.0364320247
815.0,0.47499567,0.30260572,0.28882444,0.0198384537,0.248560389,0.0523610078,0.035338785
816.0,0.474970161,0.302894126,0.288967373,0.0198363779,0.240863801,0.0516133951,0.035260922
817.0,0.475003902,0.303181029,0.289115914,0.0198339175,0.23386988,0.0511069315,0.0355470986
818.0,0.475056919,0.303466914,0.289263897,0.0198310724,0.227784479,0.0516368154,0.0365125937
819.0,0.47507244,0.303752237,0.289401139,0.0198282272,0.223291673,0.0516413751,0.0367541612
820.0,0.475014389,0.304037543,0.289549892,0.0198253821,0.219718786,0.0513450348,0.0365912117
821.0,0.474927959,0.304322126,0.289704233,0.019822537,0.217899938,0.0508303005,0.0375658895
822.0,0.474878851,0.304605471,0.289850946,0.0198196919,0.21698221,0.051044785,0.0378996335
823.0,0.47491401,0.304887147,0.289978179,0.0198164021,0.217547277,0.0524592011,0.0371787192
824.0,0.47500393,0.3051669,0.29010066,0.0198131123,0.219399258,0.0527504245,0.0377547786
825.0,0.475100581,0.305445133,0.290215051,0.0198098225,0.221801446,0.0527439945,0.0387136575
826.0,0.475165901,0.305721855,0.290319002,0.0198065327,0.225067214,0.0533353739,0.0392718014
827.0,0.475202109,0.305996715,0.290433528,0.0198032428,0.229006439,0.0535631733,0.0398388814
828.0,0.47522163,0.306269317,0.290556399,0.019799953,0.233646611,0.0534125528,0.0404152621
829.0,0.47523561,0.30653939,0.29067922,0.0197966652,0.239022697,0.0536172436,0.0412100981
830.0,0.47524983,0.306807345,0.290794883,0.0197933773,0.244775248,0.0538398222,0.0414886681
831.0,0.475268841,0.307073808,0.290923454,0.0197900894,0.251382243,0.0539293953,0.0399301988
832.0,0.47529253,0.307339275,0.291042178,0.0197868015,0.258902136,0.0539089444,0.0401700937
833.0,0.47530311,0.30760401,0.29114464,0.0197835137,0.267028096,0.0538154493,0.0416039109
834.0,0.475277749,0.307867803,0.291251181,0.0197802258,0.275193735,0.0543483027,0.04028358
835.0,0.475205208,0.308130865,0.291358592,0.0197769379,0.283668074,0.0548625099,0.0398280657
836.0,0.475119023,0.308393382,0.291460987,0.0197743133,0.292734148,0.0553061279,0.0411890822
837.0,0.475063711,0.308655407,0.291554089,0.0197716887,0.302869138,0.0555649339,0.0407852326
838.0,0.47507164,0.30891714,0.29164442,0.0197690641,0.313514665,0.0557643742,0.0397686503
839.0,0.475125281,0.309177553,0.291748911,0.0197664395,0.325047062,0.0561298194,0.0398311365
840.0,0.475194752,0.309435788,0.291866843,0.0197638149,0.336901915,0.0560611381,0.0398739338
841.0,0.475253729,0.309690885,0.291983038,0.0197611903,0.349144568,0.0554703574,0.0398930523
842.0,0.47529072,0.309943107,0.292072679,0.0197585657,0.361409686,0.0547728049,0.0406194751
843.0,0.47529781,0.310192562,0.292164771,0.0197559411,0.373830536,0.054360267,0.041074394
844.0,0.47527662,0.310439505,0.292262142,0.0197547962,0.386874464,0.055218474,0.0397848219
845.0,0.47526667,0.310684103,0.292351007,0.0197536513,0.399842432,0.0559583016,0.0395860014
846.0,0.475317029,0.310926375,0.292445988,0.0197525064,0.412751919,0.0566069875,0.0402269631
847.0,0.47545263,0.31116655,0.2925503,0.0197513615,0.426984792,0.0563117767,0.0400681676
848.0,0.475601911,0.311404972,0.292657581,0.0197502167,0.440976703,0.0559300154,0.0399544462
849.0,0.475668968,0.311641995,0.292750922,0.0197490718,0.454216893,0.0554983348,0.0400669745
850.0,0.475590942,0.311878085,0.292835088,0.0197479269,0.467361321,0.0550468432,0.0397119741
851.0,0.475435762,0.312114148,0.292926579,0.019746782,0.480425991,0.0546016582,0.0391655517
852.0,0.47530392,0.31235105,0.29303452,0.0197475744,0.492814909,0.0544690177,0.0392466222
853.0,0.47526953,0.312589262,0.293142831,0.0197483667,0.504618456,0.0538700201,0.0398479894
854.0,0.475299811,0.312827567,0.293237843,0.0197491591,0.515606965,0.0526216925,0.0411737889
855.0,0.475335299,0.313064335,0.293327928,0.0197499515,0.525171007,0.0524767777,0.0419523878
856.0,0.47533062,0.313298138,0.293425109,0.0197507439,0.534141855,0.0524648424,0.0424448213
857.0,0.47529578,0.313528782,0.293516761,0.0197515362,0.541990037,0.051595495,0.0421976559
858.0,0.475254599,0.313755994,0.293590781,0.0197523286,0.548481173,0.0515770949,0.0417553227
859.0,0.475225811,0.313980453,0.293662368,0.019753121,0.553768893,0.0523133084,0.0411399162
860.0,0.47520295,0.314202428,0.293751779,0.0197555697,0.559116446,0.0507093352,0.0400979555
861.0,0.47517374,0.31442243,0.2938225,0.0197580184,0.563841373,0.0494710882,0.0388799307
862.0,0.47513083,0.314641002,0.293902841,0.0197604672,0.566873528,0.0499161237,0.037315781
863.0,0.475085439,0.314858294,0.293993441,0.019762916,0.569246691,0.0487903859,0.0370319545
864.0,0.475053401,0.315074236,0.294065239,0.0197653647,0.571239609,0.0467862684,0.0374543663
865.0,0.47504464,0.315289108,0.294130799,0.0197678135,0.572312962,0.0448933997,0.0369857141
866.0,0.47504443,0.31550369,0.29420882,0.0197702622,0.572921839,0.0436512181,0.0365557222
867.0,0.475031879,0.315718984,0.294302142,0.019772711,0.572779285,0.0434617187,0.036188275
868.0,0.474991678,0.315935647,0.294382902,0.0197751598,0.572180095,0.0409088955,0.0353794955
869.0,0.474930081,0.316152686,0.294464468,0.0197776085,0.571181302,0.0378233935,0.0344545778
870.0,0.47485882,0.31636879,0.29454622,0.0197800573,0.568401303,0.0364672327,0.0337337812
871.0,0.474789439,0.316582682,0.294627791,0.019782506,0.565333562,0.0352586461,0.0330211589
872.0,0.474732729,0.316793714,0.294713912,0.0197856106,0.561971089,0.0342012185,0.0323169096
873.0,0.474699441,0.317001454,0.294810297,0.0197887152,0.558381617,0.0344430198,0.0319216239
874.0,0.47469321,0.317205488,0.294895019,0.0197918198,0.554505894,0.0346718561,0.0315583294
875.0,0.4746896,0.31740651,0.29495305,0.0197949243,0.549814655,0.034192748,0.0311408601
876.0,0.474657209,0.317605352,0.295038491,0.0197980289,0.54657188,0.0343280258,0.0306387894
877.0,0.474577097,0.317802796,0.295125282,0.0198011335,0.544270847,0.0348627557,0.0300817138
878.0,0.474480632,0.317998466,0.295206728,0.0198042381,0.541262507,0.0364895371,0.0306327323
879.0,0.474411611,0.318191948,0.295290619,0.0198073426,0.538803066,0.0381463268,0.0315819
880.0,0.47440192,0.31838316,0.29537746,0.0198104472,0.537409299,0.0398090526,0.0332290457
881.0,0.474435331,0.318573334,0.295463382,0.0198135518,0.534607183,0.0416624629,0.0344727692
882.0,0.474483459,0.318763904,0.295546228,0.0198166564,0.53119452,0.0435254846,0.0355749967
883.0,0.474519129,0.318955986,0.295626968,0.0198197609,0.52721527,0.0447081162,0.0368610207
884.0,0.4745194,0.31914839,0.29570299,0.0198220982,0.522850862,0.0460296041,0.0379455945
885.0,0.474462419,0.319339482,0.295784381,0.0198244355,0.518030658,0.0475154156,0.0387917707
886.0,0.474343658,0.319527834,0.295878652,0.0198267728,0.511705,0.0479944867,0.0394753473
887.0,0.474228262,0.319713176,0.295980268,0.0198291101,0.50438784,0.0484071897,0.0400147091
888.0,0.47419861,0.319895478,0.296067539,0.0198314473,0.494329697,0.0493886225,0.04010859
889.0,0.47430441,0.32007501,0.29616779,0.0198337846,0.483550178,0.0498446083,0.0402732711
890.0,0.474463581,0.320253132,0.296291681,0.0198361219,0.472226462,0.0499042045,0.040491363
891.0,0.474561069,0.320431415,0.296372562,0.0198384592,0.459054013,0.0512929864,0.0407879253
892.0,0.474515911,0.320610936,0.296435859,0.0198407965,0.445483887,0.052072482,0.0405052401
893.0,0.474382761,0.320790918,0.296524729,0.0198431337,0.431294165,0.0513141824,0.0389281737
894.0,0.474250169,0.320969942,0.296664121,0.019845471,0.415835091,0.0515445875,0.0400321462
895.0,0.47418866,0.321147024,0.296775822,0.0198459271,0.399717901,0.0521643182,0.0422718857
896.0,0.47419611,0.321322705,0.296878547,0.0198463832,0.382442791,0.0514383948,0.0423219462
897.0,0.474252459,0.321497888,0.296979369,0.0198468393,0.365128945,0.0513480102,0.0419102048
898.0,0.47433871,0.32167313,0.29708034,0.0198472954,0.347762043,0.0521281027,0.0408659478
899.0,0.474440281,0.321848212,0.297189651,0.0198477515,0.329590911,0.0517061097,0.0404520224
900.0,0.474544052,0.322022943,0.297282962,0.0198482076,0.311343514,0.0511140017,0.0401837332
901.0,0.474630768,0.322196187,0.297362418,0.0198486637,0.293782484,0.0512596355,0.0398183835
902.0,0.47466281,0.322368378,0.297461329,0.0198491198,0.276103032,0.0508115971,0.0396988711
903.0,0.47459728,0.32253975,0.29757661,0.0198495759,0.258320237,0.0498454851,0.0397938909
904.0,0.474420006,0.322710393,0.297693102,0.019850032,0.240869044,0.0495706936,0.0399667067
905.0,0.474232488,0.322880485,0.297802573,0.0198484594,0.223770811,0.0494218125,0.0403981503
906.0,0.474164841,0.323049957,0.297914798,0.0198468868,0.20751134,0.049413557,0.0414899016
907.0,0.474301249,0.323219058,0.298032079,0.0198453142,0.191837335,0.0487337992,0.0413020859
908.0,0.474541632,0.323388282,0.298144911,0.0198437416,0.176509074,0.047707725,0.0404154878
909.0,0.474739671,0.323558003,0.298245552,0.019842169,0.162713147,0.0480136625,0.0396767739
910.0,0.474783569,0.323728705,0.298342647,0.0198405964,0.149583275,0.0475507778,0.0393081947
911.0,0.474698901,0.323900188,0.298466119,0.0198390238,0.137508418,0.0458700949,0.0395259013
912.0,0.47454575,0.32407209,0.29859129,0.0198374512,0.125085409,0.0456619114,0.0383568398
913.0,0.474376918,0.324244022,0.298688441,0.0198358786,0.112660245,0.0457201194,0.0369436592
914.0,0.474216516,0.324415035,0.298784294,0.0198343059,0.100981755,0.0443730004,0.036900057
915.0,0.474081553,0.324584097,0.298918897,0.0198315602,0.0908284928,0.0440380697,0.0373213219
916.0,0.473988741,0.324750718,0.299080188,0.0198288145,0.0822127092,0.0447234575,0.0382111876
917.0,0.47395405,0.32491645,0.29922807,0.0198260688,0.0736816247,0.043981628,0.0375911169
918.0,0.473993272,0.325083353,0.299355123,0.0198233231,0.0655506544,0.0432213281,0.0369010376
919.0,0.474102997,0.325253005,0.299481116,0.0198205774,0.0586530327,0.0430872763,0.0367128082
920.0,0.474203438,0.325425447,0.299603308,0.0198178317,0.0525246488,0.0428093155,0.0366866315
921.0,0.47419569,0.3256003,0.29971015,0.019815086,0.0468880727,0.0424393474,0.0367640623
922.0,0.474019467,0.325777022,0.299840391,0.0198123403,0.040785327,0.0418971268,0.0365328475
923.0,0.473769036,0.325955304,0.299989613,0.0198095946,0.0354708559,0.0410967007,0.0364838296
924.0,0.473577534,0.326134616,0.300142107,0.0198068489,0.0316314977,0.0398253517,0.0367833409
925.0,0.473535,0.326314568,0.300275679,0.0198038397,0.0270295994,0.038836934,0.0362492689
926.0,0.47355992,0.32649505,0.30039087,0.0198008305,0.0223965052,0.038168727,0.0354787273
927.0,0.473527878,0.326676012,0.300511721,0.0197978212,0.0203677771,0.0395803017,0.0355579154
928.0,0.473346491,0.326857125,0.300643304,0.019794812,0.0180327114,0.0405359325,0.0359361575
929.0,0.473051346,0.327037446,0.300764078,0.0197918028,0.0153423468,0.0409627468,0.0366612504
930.0,0.472710073,0.327216028,0.300899649,0.0197887936,0.0139162729,0.0419140242,0.0362269963
931.0,0.472378907,0.327392222,0.301034511,0.0197857844,0.012589074,0.0425211086,0.0356371889
932.0,0.472068544,0.327567314,0.301149372,0.0197827751,0.01065867,0.041374896,0.0353473362
933.0,0.471778399,0.327743225,0.301238917,0.0197797659,0.00922880489,0.0419460125,0.0361305202
934.0,0.471507735,0.327921296,0.301349638,0.0197772302,0.0081704198,0.0437916625,0.0377100694
935.0,0.47125602,0.32810125,0.30149102,0.0197746944,0.00573438111,0.0446363915,0.0360965768
936.0,0.471022428,0.328282272,0.301644561,0.0197721587,0.00392620135,0.0449289004,0.0351856033
937.0,0.470806416,0.328463494,0.301764993,0.0197696229,0.00365772727,0.0441472301,0.0362064552
938.0,0.470607344,0.328643226,0.301905687,0.0197670872,0.00173352454,0.0442609931,0.0369287434
939.0,0.470424502,0.328819628,0.302059588,0.0197645514,-0.000828885526,0.044755608,0.0374775148
940.0,0.47025725,0.3289915,0.30220398,0.0197620157,-0.00137412571,0.0447611774,0.037404993
941.0,0.470133473,0.329160333,0.302341493,0.01975948,-0.00159547841,0.0449950123,0.0371338558
942.0,0.470009696,0.329328215,0.302486994,0.0197580073,-0.00138219991,0.0455351615,0.0365961924
943.0,0.469885918,0.329496767,0.302630037,0.0197565347,-0.00250231088,0.0449925663,0.0366585152
944.0,0.469762141,0.329665328,0.302754639,0.0197550621,-0.00353331306,0.0446772218,0.0371896441
945.0,0.469638364,0.329832942,0.302879301,0.0197535895,-0.0024410812,0.0468530802,0.0392856594
946.0,0.469514587,0.329998583,0.303009363,0.0197521169,-0.00234942278,0.0474755995,0.0398739564
947.0,0.469390809,0.330162135,0.303145706,0.0197506442,-0.00311699284,0.0467642104,0.0391675215
948.0,0.469267032,0.330323638,0.303285389,0.0197491716,-0.00341671361,0.0477560671,0.0389125769
949.0,0.469143255,0.33048287,0.30342665,0.019747699,-0.00340183706,0.0482925366,0.0393225573
950.0,0.469019478,0.330638892,0.303562281,0.0197476419,-0.00269500489,0.0472115395,0.0413340524
951.0,0.4688957,0.330790553,0.303709394,0.0197475848,-0.0014189668,0.0481095226,0.0423134022
952.0,0.468771923,0.330936727,0.303887216,0.0197475276,0.00011597168,0.0499909028,0.0427417026
953.0,0.468648146,0.331079269,0.304028299,0.0197474705,-0.000567928127,0.0480398432,0.043390095
954.0,0.468524369,0.33121949,0.30414078,0.0197474134,-0.000880185876,0.0471067729,0.0439203838
955.0,0.468400592,0.331358643,0.304260913,0.0197473563,-0.000613594486,0.0477592664,0.0442667209
956.0,0.468276814,0.331496394,0.304424263,0.0197472991,-0.000295153069,0.0484971884,0.0442719177
957.0,0.468153037,0.331632257,0.304534638,0.019747242,0.000128383432,0.0490868456,0.0440013254
958.0,0.46802926,0.33176556,0.30463061,0.0197475827,0.00113650777,0.048526094,0.0426178605
959.0,0.467905483,0.331896221,0.304756882,0.0197479234,0.00110365637,0.0487835047,0.042878188
960.0,0.467781705,0.332024192,0.304922522,0.0197482641,4.22464438e-05,0.0498493186,0.0447627002
961.0,0.467657928,0.332149026,0.305039496,0.0197486049,0.00040178365,0.0507722494,0.0443175349
962.0,0.467534151,0.332269219,0.305172179,0.0197489456,0.00131429906,0.0507614942,0.0434227766
963.0,0.467410374,0.33238256,0.30533874,0.0197492863,0.00329966952,0.0479222451,0.0421850845
964.0,0.467286596,0.332488331,0.305454761,0.019749627,0.0042832866,0.0479008748,0.0420835169
965.0,0.467162819,0.332587573,0.305601844,0.0197491995,0.00463713691,0.0496510049,0.0426961904
966.0,0.467039042,0.332682128,0.305750367,0.019748772,0.00410220235,0.0489237247,0.0433741018
967.0,0.466915265,0.332773539,0.305885669,0.0197483445,0.00364242716,0.0486142069,0.0435102097
968.0,0.466791488,0.332861961,0.306052001,0.019747917,0.0033438005,0.0491322682,0.0426601089
969.0,0.46666771,0.332947192,0.306192852,0.0197474895,0.00235539996,0.0482296349,0.0429588207
970.0,0.466543933,0.333029478,0.306308807,0.0197470619,0.00122628051,0.0470783585,0.0435743904
971.0,0.466420156,0.333110778,0.306429918,0.0197452116,0.00122347898,0.0486347691,0.043090885
972.0,0.466296379,0.3331933,0.30660331,0.0197433613,0.00132343366,0.0483471187,0.0429875111
973.0,0.466172601,0.333278921,0.306761682,0.0197415109,0.00154066684,0.0459547907,0.0433179918
974.0,0.466048824,0.333367112,0.306935854,0.0197396606,0.000915066269,0.0453996606,0.0441973938
975.0,0.465925047,0.333456808,0.307136596,0.0197378102,-0.000143061028,0.0454031357,0.0447420858
976.0,0.46580127,0.333546999,0.307261079,0.0197359598,-0.00222313731,0.0461712843,0.0436052681
977.0,0.465677492,0.33363858,0.30740556,0.019732888,-0.00233922342,0.0457135418,0.0431207337
978.0,0.465553715,0.333731921,0.307577072,0.0197298162,-0.00102139282,0.0443607713,0.0431124337
979.0,0.465429938,0.333827853,0.307742774,0.0197267443,-0.000364626362,0.0429520537,0.0451636026
980.0,0.465306161,0.333927778,0.307868447,0.0197236725,-0.000352954122,0.0419180015,0.0462752561
981.0,0.465182384,0.334033279,0.308018888,0.0197206006,-0.00163661414,0.0416865024,0.0451552499
982.0,0.465058606,0.334145371,0.308181671,0.0197175287,-0.00197293491,0.0419662096,0.0441196682
983.0,0.464934829,0.334262762,0.308327113,0.0197136543,-0.00191348014,0.042557777,0.043237508
984.0,0.464811052,0.334383546,0.308495335,0.0197097798,-0.0023133756,0.0444144942,0.0441331613
985.0,0.464687275,0.334506779,0.308673618,0.0197059053,-0.00250177265,0.0441593451,0.0443493648
986.0,0.464563497,0.33463234,0.3088443,0.0197020309,-0.00241095255,0.0411161403,0.0436685683
987.0,0.46443972,0.334761831,0.308996772,0.0196981564,-0.00349806224,0.040572566,0.0424430553
988.0,0.464315943,0.334895433,0.309154843,0.0196942819,-0.00460301353,0.0402642757,0.0414690387
989.0,0.464192166,0.335030557,0.309316217,0.0196900218,-0.00439390473,0.038117865,0.0423530996
990.0,0.464068388,0.335163589,0.309458759,0.0196857616,-0.00439326963,0.0381295539,0.041774922
991.0,0.463944611,0.33529219,0.30956155,0.0196815015,-0.0045680903,0.0399575439,0.0399660942
992.0,0.463820834,0.335418793,0.309668303,0.0196772414,-0.00536200079,0.0389025596,0.0396923234
993.0,0.463697057,0.335546824,0.309829536,0.0196729812,-0.00581563625,0.0382607691,0.0392124828
994.0,0.46357328,0.335679527,0.310013856,0.0196687211,-0.0052626658,0.0393532946,0.0378443341
995.0,0.463449502,0.3358191,0.3101562,0.0196644937,-0.00565732362,0.038559731,0.0380719379
996.0,0.463325725,0.335966381,0.310318202,0.0196602664,-0.00655932701,0.0368169807,0.0391067443
997.0,0.463201948,0.336115272,0.310480653,0.019656039,-0.00769536714,0.0369716774,0.0386972473
998.0,0.463078171,0.336227387,0.310636155,0.0196518117,-0.0087495269,0.038126472,0.039528412
999.0,0.462954393,0.3362563,0.310787348,0.0196475843,-0.00967827494,0.0408130623,0.0422598308
1000.0,0.462830616,0.33617496,0.31096819,0.019643357,-0.00842634049,0.0429049186,0.0427874852
